{
  "id": "3704779",
  "name": "Nice",
  "font_family": "iconfont",
  "css_prefix_text": "icon-",
  "description": "",
  "glyphs": [
    {
      "icon_id": "3868258",
      "name": "场景管理",
      "font_class": "changjingguanli",
      "unicode": "eb61",
      "unicode_decimal": 60257
    },
    {
      "icon_id": "3868272",
      "name": "节点管理",
      "font_class": "jiedianguanli",
      "unicode": "eb64",
      "unicode_decimal": 60260
    },
    {
      "icon_id": "4347582",
      "name": "icon_应用管理",
      "font_class": "icon_yingyongguanli",
      "unicode": "eb8f",
      "unicode_decimal": 60303
    },
    {
      "icon_id": "5401579",
      "name": "分组管理",
      "font_class": "fenzuguanli",
      "unicode": "ec23",
      "unicode_decimal": 60451
    },
    {
      "icon_id": "201646",
      "name": "3.1 设置",
      "font_class": "31shezhi",
      "unicode": "e600",
      "unicode_decimal": 58880
    },
    {
      "icon_id": "4333456",
      "name": "写字",
      "font_class": "xiezi",
      "unicode": "e60e",
      "unicode_decimal": 58894
    },
    {
      "icon_id": "7165594",
      "name": "应用",
      "font_class": "yingyong",
      "unicode": "e65a",
      "unicode_decimal": 58970
    },
    {
      "icon_id": "11372647",
      "name": "创作",
      "font_class": "chuangzuo",
      "unicode": "e8ad",
      "unicode_decimal": 59565
    },
    {
      "icon_id": "11391538",
      "name": "我的",
      "font_class": "wode",
      "unicode": "e63a",
      "unicode_decimal": 58938
    },
    {
      "icon_id": "29150962",
      "name": "导航栏-素材管理",
      "font_class": "Union-1",
      "unicode": "e62f",
      "unicode_decimal": 58927
    },
    {
      "icon_id": "11121398",
      "name": "主页",
      "font_class": "zhuye",
      "unicode": "e62d",
      "unicode_decimal": 58925
    }
  ]
}
